Name,Age,Gender,Location
John,25,Male,New York
Alice,30,Female,Los Angeles
Bob,22,Male,Chicago
Eva,28,Female,San Francisco
Mike,35,Male,Miami
Sophia,27,Female,Dallas
Daniel,29,Male,Houston
Emma,31,Female,Atlanta
Alex,26,Male,Seattle
Olivia,33,Female,Denver
William,24,Male,Phoenix
Ava,28,Female,Portland
James,32,Male,Austin
Mia,27,Female,Charlotte
Andrew,29,Male,San Diego
Isabella,34,Female,Orlando
David,26,Male,Philadelphia
Emily,30,Female,Boston
Daniel,25,Male,San Antonio
Grace,28,Female,Nashville
Michael,31,Male,Minneapolis
Lily,29,Female,Detroit
Ethan,23,Male,St. Louis
Avery,32,Female,Raleigh
Christopher,27,Male,Tampa
Chloe,30,Female,Pittsburgh
Matthew,26,Male,Baltimore
Abigail,28,Female,Columbus
Jacob,33,Male,Kansas City
Sofia,29,Female,Indianapolis
Jack,25,Male,Salt Lake City
Harper,31,Female,Cincinnati
Benjamin,27,Male,Milwaukee
Luna,28,Female,Las Vegas
Ryan,30,Male,New Orleans
Scarlett,26,Female,Memphis
Nicholas,32,Male,San Jose
Zoe,29,Female,Oklahoma City
Tyler,24,Male,Albuquerque
Madison,28,Female,Tucson
Nathan,30,Male,Fresno
Aria,27,Female,Sacramento
Jackson,33,Male,Long Beach
Ella,29,Female,Mesa
Gabriel,25,Male,Virginia Beach
Avery,31,Female,Colorado Springs
Elijah,28,Male,Raleigh
Aubrey,30,Female,Oakland
Christopher,26,Male,Tulsa
Aurora,32,Female,Cleveland
